year,stock_change
1992,15.45
1993,14.75
1994,-3.2
1995,39.92
1996,22.71
1997,21.64
1998,39.63
1999,85.59
2000,-39.29
2001,-21.05
2002,-31.53
2003,50.01
2004,8.59
2005,1.37
2006,9.52
2007,9.81
2008,-40.54
2009,43.89
2010,16.91
2011,-1.8
2012,15.91
2013,38.32
2014,13.4
2015,5.73
2016,7.5
