year,inflation_rate
1992,2.9
1993,2.75
1994,2.67
1995,2.54
1996,3.32
1997,1.7
1998,1.61
1999,2.68
2000,3.39
2001,1.55
2002,2.38
2003,1.88
2004,3.26
2005,3.42
2006,2.54
2007,4.08
2008,0.09
2009,2.72
2010,1.5
2011,2.96
2012,1.74
2013,1.5
2014,0.76
2015,0.73
2016,2.07
,
,
,
,
,
,
,
,.
