year,state,hs_grad,bachelors,adv_degree,media houdhold income,rep_spending,dem_spending,inflation_rate,poverty_rate,stock_change,unemployment_rate,perc_urban,rep_sen,rep_house,campaign_fund,rep_legis,stateGDP,rep_win
2000,Alabama,75.2690656,19.0347025,6.851700492,50566,262.033,169.022,3.39,15.6,-39.29,5.1,55.4,0.55,0.5195,0.6079,34,0.744375363,1
2000,Alaska,88.33321038,24.71493008,8.59188104,75436,262.033,169.022,3.39,9.1,-39.29,7.4,65.6,0.55,0.5195,0.6079,65,1.278883571,1
2000,Arizona,80.97321896,23.53097982,8.377689959,56788,262.033,169.022,3.39,15.6,-39.29,4.2,88.2,0.55,0.5195,0.6079,62,0.876347453,1
2000,Arkansas,75.30909196,16.66058226,5.660871072,42391,262.033,169.022,3.39,17,-39.29,5.1,52.5,0.55,0.5195,0.6079,21,0.711947041,1
2000,California,76.79343534,26.62093348,9.530111884,66827,262.033,169.022,3.39,13.7,-39.29,5.4,94.4,0.55,0.5195,0.6079,39,1.07847654,0
2000,Colorado,86.92520291,32.69266507,11.11875827,68860,262.033,169.022,3.39,8.7,-39.29,3.2,84.5,0.55,0.5195,0.6079,60,1.152301293,1
2000,Connecticut,83.98443643,31.40741683,13.25321254,71618,262.033,169.022,3.39,7.7,-39.29,3.3,87.7,0.55,0.5195,0.6079,39,1.372165317,0
2000,Delaware,82.60281585,25.04906171,9.431700275,71893,262.033,169.022,3.39,9.3,-39.29,4.1,80.1,0.55,0.5195,0.6079,55,1.542961936,0
2000,District of Columbia,77.8306266,39.06978559,20.99704838,58842,262.033,169.022,3.39,17.5,-39.29,5.9,100,0.55,0.5195,0.6079,15,3.10032652,0
2000,Florida,79.86376886,22.33475999,8.065629324,55465,262.033,169.022,3.39,12.8,-39.29,3.7,89.3,0.55,0.5195,0.6079,61,0.869079036,1
2000,Georgia,78.57006362,24.29977834,8.297491402,59811,262.033,169.022,3.39,12.6,-39.29,3.8,71.6,0.55,0.5195,0.6079,43,1.016393076,1
2000,Hawaii,84.57139582,26.17408349,8.417437509,73579,262.033,169.022,3.39,8.8,-39.29,4.7,91.5,0.55,0.5195,0.6079,18,0.98984658,0
2000,Idaho,84.71616053,21.66525927,6.82078209,53688,262.033,169.022,3.39,11.4,-39.29,6,66.4,0.55,0.5195,0.6079,85,0.779420316,1
2000,Illinois,81.43335736,26.06138377,9.542242212,65754,262.033,169.022,3.39,11.1,-39.29,4.7,87.8,0.55,0.5195,0.6079,50,1.09909648,0
2000,Indiana,82.13484883,19.40814399,7.201283854,58332,262.033,169.022,3.39,10.1,-39.29,3.6,70.8,0.55,0.5195,0.6079,52,0.92152346,1
2000,Iowa,86.10464086,21.20888928,6.526867019,58512,262.033,169.022,3.39,10,-39.29,3.4,61.1,0.55,0.5195,0.6079,57,0.888916223,0
2000,Kansas,86.02174809,25.80391451,8.741264291,58609,262.033,169.022,3.39,9.5,-39.29,3.7,71.4,0.55,0.5195,0.6079,63,0.89285235,1
2000,Kentucky,74.11575058,17.13533533,6.879202176,51766,262.033,169.022,3.39,16.4,-39.29,4.7,55.8,0.55,0.5195,0.6079,39,0.794225522,1
2000,Louisiana,74.81318466,18.72758036,6.487806741,43848,262.033,169.022,3.39,20,-39.29,5.5,72.6,0.55,0.5195,0.6079,31,0.909759807,1
2000,Maine,85.36739576,22.87177848,7.928331415,53195,262.033,169.022,3.39,10.1,-39.29,4.5,40.2,0.55,0.5195,0.6079,46,0.816366239,0
2000,Maryland,83.83434008,31.44986762,13.44709556,77846,262.033,169.022,3.39,9.3,-39.29,3.7,86.1,0.55,0.5195,0.6079,27,1.020239746,0
2000,Massachusetts,84.76360637,33.18988364,13.66027227,66737,262.033,169.022,3.39,9.6,-39.29,3.6,91.4,0.55,0.5195,0.6079,18,1.224135617,0
2000,Michigan,83.41423339,21.76234164,8.067078547,64966,262.033,169.022,3.39,10.1,-39.29,3.8,74.7,0.55,0.5195,0.6079,55,0.944335108,0
2000,Minnesota,87.9486908,27.43322868,8.307311624,77440,262.033,169.022,3.39,6.9,-39.29,3.9,70.9,0.55,0.5195,0.6079,48,1.064029163,0
2000,Mississippi,72.85773054,16.90401857,5.847226513,48960,262.033,169.022,3.39,18.2,-39.29,6.1,48.8,0.55,0.5195,0.6079,29,0.652278928,1
2000,Missouri,81.31739858,21.58174104,7.609110112,64373,262.033,169.022,3.39,11.2,-39.29,3.5,69.4,0.55,0.5195,0.6079,47,0.937513978,1
2000,Montana,87.15388641,24.37024928,7.194253189,46787,262.033,169.022,3.39,13.4,-39.29,6.3,54.1,0.55,0.5195,0.6079,61,0.713400725,1
2000,Nebraska,86.58429916,23.74266607,7.262327304,59596,262.033,169.022,3.39,9.6,-39.29,3.2,69.8,0.55,0.5195,0.6079,65,0.933958044,1
2000,Nevada,80.66107149,18.15595767,6.090555773,65317,262.033,169.022,3.39,9.9,-39.29,4.5,91.5,0.55,0.5195,0.6079,41,1.109428814,1
2000,New Hampshire,87.40829649,28.65385012,9.979526376,72694,262.033,169.022,3.39,5.3,-39.29,3.2,59.3,0.55,0.5195,0.6079,61,0.994319453,1
2000,New Jersey,82.06940543,29.7794425,10.97946392,71950,262.033,169.022,3.39,7.9,-39.29,4.2,94.4,0.55,0.5195,0.6079,58,1.200988505,0
2000,New Mexico,78.85259178,23.45336319,9.849920823,50093,262.033,169.022,3.39,18,-39.29,5.4,75,0.55,0.5195,0.6079,42,0.844768976,0
2000,New York,79.06066205,27.3725505,11.79163448,58160,262.033,169.022,3.39,13.1,-39.29,5.3,87.5,0.55,0.5195,0.6079,41,1.203806414,0
2000,North Carolina,78.1426214,22.46288752,7.167204808,54695,262.033,169.022,3.39,13.1,-39.29,3.7,60.2,0.55,0.5195,0.6079,41,0.943619448,1
2000,North Dakota,83.85745928,21.98881506,5.455902689,51382,262.033,169.022,3.39,11.6,-39.29,4,55.9,0.55,0.5195,0.6079,65,0.784251018,1
2000,Ohio,82.97181229,21.09534333,7.383907153,61326,262.033,169.022,3.39,11.1,-39.29,4.8,77.4,0.55,0.5195,0.6079,61,0.954466163,1
2000,Oklahoma,80.60828632,20.27852556,6.794246298,46295,262.033,169.022,3.39,13.8,-39.29,3.5,65.3,0.55,0.5195,0.6079,37,0.760723711,1
2000,Oregon,85.12610851,25.08069754,8.676773591,60665,262.033,169.022,3.39,13.2,-39.29,5.8,78.7,0.55,0.5195,0.6079,57,0.854162007,0
2000,Pennsylvania,81.90111784,22.35140965,8.398550062,60204,262.033,169.022,3.39,10.5,-39.29,4.7,77.1,0.55,0.5195,0.6079,53,0.936105023,0
2000,Rhode Island,77.9596961,25.60090876,9.738645182,60234,262.033,169.022,3.39,10.7,-39.29,5.2,90.9,0.55,0.5195,0.6079,14,0.925772689,0
2000,South Carolina,76.33757189,20.41806465,6.877053632,53629,262.033,169.022,3.39,14.4,-39.29,4.3,60.5,0.55,0.5195,0.6079,53,0.806682471,1
2000,South Dakota,84.5728657,21.50523127,5.997356433,52066,262.033,169.022,3.39,11.5,-39.29,3.1,51.9,0.55,0.5195,0.6079,70,0.796193586,1
2000,Tennessee,75.92252775,19.56480872,6.788515026,48670,262.033,169.022,3.39,13.5,8.59,3.9,63.6,0.51,0.5264,0.6079,42,0.869794695,1
2000,Texas,75.65016766,23.23757223,7.630765108,55112,262.033,169.022,3.39,15.1,-39.29,4.8,82.5,0.55,0.5195,0.6079,49,0.99369325,1
2000,Utah,87.72752469,26.12614493,8.264851923,67875,262.033,169.022,3.39,8.8,-39.29,3.4,88.2,0.55,0.5195,0.6079,69,0.865388916,1
2000,Vermont,86.41937742,29.4453804,11.10797753,56518,262.033,169.022,3.39,10.7,-39.29,3.4,38.2,0.55,0.5195,0.6079,44,0.819027598,0
2000,Virginia,81.47227495,29.46461365,11.57116548,67322,262.033,169.022,3.39,9.2,-39.29,2.9,73,0.55,0.5195,0.6079,52,1.058124972,1
2000,Washington,87.08464805,27.73149729,9.316743248,60702,262.033,169.022,3.39,11.6,-39.29,5.7,82,0.55,0.5195,0.6079,48,1.119626962,0
2000,West Virginia,75.20924852,14.83161625,5.942779599,41982,262.033,169.022,3.39,18.6,-39.29,6.5,46.1,0.55,0.5195,0.6079,22,0.718879993,1
2000,Wisconsin,85.08529356,22.41945776,7.163801491,64360,262.033,169.022,3.39,8.9,-39.29,3.8,68.3,0.55,0.5195,0.6079,54,0.937312698,0
2000,Wyoming,87.86142183,21.91007499,6.999870115,56568,262.033,169.022,3.39,11.4,-39.29,5.1,65.1,0.55,0.5195,0.6079,70,1.136422597,1
2004,Alabama,82.4,22.3,7.7,47651,452.98,424.526,3.26,16.1,8.59,6.4,56.975,0.51,0.5264,0.5162,37,0.780727505,1
2004,Alaska,90.2,25.5,9.5,71632,452.98,424.526,3.26,8.2,8.59,8.8,65.775,0.51,0.5264,0.5162,63,1.27923846,1
2004,Arizona,84.4,28,9.2,57039,452.98,424.526,3.26,14.2,8.59,5.5,88.9,0.51,0.5264,0.5162,62,0.873495001,1
2004,Arkansas,79.2,18.8,6.2,45511,452.98,424.526,3.26,17.9,8.59,6.6,54.11875,0.51,0.5264,0.5162,28,0.74316103,1
2004,California,81.3,31.7,10.4,64033,452.98,424.526,3.26,13.3,8.59,7,94.75,0.51,0.5264,0.5162,39,1.095937035,0
2004,Colorado,88.3,35.5,12.4,66198,452.98,424.526,3.26,11.1,8.59,6.3,85.24375,0.51,0.5264,0.5162,55,1.06536907,1
2004,Connecticut,88.8,34.5,14.4,71680,452.98,424.526,3.26,7.6,8.59,5.7,87.83125,0.51,0.5264,0.5162,39,1.383407786,0
2004,Delaware,86.5,26.9,10.5,62507,452.98,424.526,3.26,9.9,8.59,4.4,81.5,0.51,0.5264,0.5162,60,1.478408849,0
2004,District of Columbia,86.4,45.7,25.4,56525,452.98,424.526,3.26,18.9,8.59,7.2,100,0.51,0.5264,0.5162,15,3.404913848,0
2004,Florida,85.9,26,8.9,52732,452.98,424.526,3.26,12.2,8.59,4.9,90.13125,0.51,0.5264,0.5162,67,0.887811104,1
2004,Georgia,85.2,27.6,9.2,53316,452.98,424.526,3.26,14.8,8.59,4.5,73.13125,0.51,0.5264,0.5162,44,0.991257179,1
2004,Hawaii,88,26.6,9.8,73165,452.98,424.526,3.26,10.6,8.59,3.8,91.675,0.51,0.5264,0.5162,26,1.028993831,0
2004,Idaho,87.9,23.8,7.1,57705,452.98,424.526,3.26,14.5,8.59,6.6,68.2375,0.51,0.5264,0.5162,78,0.737396299,1
2004,Illinois,86.8,27.4,10.8,59942,452.98,424.526,3.26,11.9,8.59,7,88.10625,0.51,0.5264,0.5162,44,1.07379281,0
2004,Indiana,87.2,21.1,8,55066,452.98,424.526,3.26,10.8,8.59,5.9,71.5,0.51,0.5264,0.5162,54,0.917740906,1
2004,Iowa,89.8,24.3,7.4,56447,452.98,424.526,3.26,9.9,8.59,5.3,62.36875,0.51,0.5264,0.5162,55,0.948840672,1
2004,Kansas,89.6,30,9.8,53423,452.98,424.526,3.26,10.5,8.59,6,72.625,0.51,0.5264,0.5162,67,0.866794299,1
2004,Kentucky,81.8,21,8.2,46325,452.98,424.526,3.26,17.4,8.59,6.3,56.9375,0.51,0.5264,0.5162,41,0.79691555,1
2004,Louisiana,78.7,22.4,6.8,47391,452.98,424.526,3.26,19.4,8.59,6.6,72.8625,0.51,0.5264,0.5162,36,0.950989151,1
2004,Maine,87.1,24.2,8.9,53765,452.98,424.526,3.26,12.3,8.59,5.6,39.54375,0.51,0.5264,0.5162,45,0.831503935,0
2004,Maryland,87.4,35.2,15.7,74285,452.98,424.526,3.26,8.8,8.59,4.7,86.58125,0.51,0.5264,0.5162,30,1.075239311,0
2004,Massachusetts,86.9,36.7,15.6,67672,452.98,424.526,3.26,9.2,8.59,6.2,91.6625,0.51,0.5264,0.5162,15,1.227377154,0
2004,Michigan,87.9,24.4,9.2,54971,452.98,424.526,3.26,12.3,8.59,7.5,74.65625,0.51,0.5264,0.5162,57,0.901595405,0
2004,Minnesota,92.3,32.5,9.6,72986,452.98,424.526,3.26,8.3,8.59,5.9,71.95,0.51,0.5264,0.5162,56,1.090321208,0
2004,Mississippi,83,20.1,6.1,45213,452.98,424.526,3.26,21.6,8.59,6.3,49.01875,0.51,0.5264,0.5162,40,0.648989577,1
2004,Missouri,87.9,28.1,8.7,54816,452.98,424.526,3.26,11.8,8.59,5.9,69.8375,0.51,0.5264,0.5162,56,0.907104871,1
2004,Montana,91.9,25.5,8.4,44173,452.98,424.526,3.26,14.2,8.59,6,54.8875,0.51,0.5264,0.5162,55,0.741757073,1
2004,Nebraska,91.3,24.8,8.4,56961,452.98,424.526,3.26,11,8.59,4.5,71.24375,0.51,0.5264,0.5162,65,0.96762391,1
2004,Nevada,86.3,24.5,7.2,61408,452.98,424.526,3.26,12.6,8.59,5.1,92.68125,0.51,0.5264,0.5162,51,1.11274197,1
2004,New Hampshire,90.8,35.4,11.2,73911,452.98,424.526,3.26,7.6,8.59,4.7,59.7375,0.51,0.5264,0.5162,71,1.009827696,0
2004,New Jersey,87.6,34.6,12.4,71907,452.98,424.526,3.26,8.5,8.59,5.9,94.53125,0.51,0.5264,0.5162,43,1.196787917,0
2004,New Mexico,82.9,25.1,10.9,51466,452.98,424.526,3.26,19.3,8.59,6.1,76.05,0.51,0.5264,0.5162,40,0.884024676,1
2004,New York,85.4,30.6,13.3,58084,452.98,424.526,3.26,14.2,8.59,7.1,87.675,0.51,0.5264,0.5162,40,1.196745373,0
2004,North Carolina,80.9,23.4,8.3,52346,452.98,424.526,3.26,15.2,8.59,6.3,62.78125,0.51,0.5264,0.5162,49,0.933120613,1
2004,North Dakota,89.5,25.2,6.5,51021,452.98,424.526,3.26,12.1,8.59,4.4,57.65,0.51,0.5264,0.5162,69,0.852988726,1
2004,Ohio,88.1,24.6,8.3,56010,452.98,424.526,3.26,12.5,8.59,6.9,77.61875,0.51,0.5264,0.5162,64,0.945203148,1
2004,Oklahoma,85.2,22.9,7.2,51534,452.98,424.526,3.26,15.3,8.59,5.7,65.69375,0.51,0.5264,0.5162,46,0.779281004,1
2004,Oregon,87.4,25.9,10,53329,452.98,424.526,3.26,14.1,8.59,8.7,79.70625,0.51,0.5264,0.5162,56,0.897596256,0
2004,Pennsylvania,86.5,25.3,9.6,57378,452.98,424.526,3.26,11.7,8.59,6.2,77.8,0.51,0.5264,0.5162,55,0.948415231,0
2004,Rhode Island,81.1,27.2,11.3,62359,452.98,424.526,3.26,12.8,8.59,6.3,90.8125,0.51,0.5264,0.5162,15,0.985109551,0
2004,South Carolina,83.6,24.9,7.9,50333,452.98,424.526,3.26,15.7,8.59,7.3,63.0375,0.51,0.5264,0.5162,58,0.789704318,1
2004,South Dakota,87.5,25.5,7.2,53476,452.98,424.526,3.26,11,8.59,4.2,54,0.51,0.5264,0.5162,71,0.894405446,1
2004,Tennessee,82.9,24.3,7.5,49528,452.98,424.526,3.26,14.9,-40.54,5.3,64.2,0.49,0.4644,0.5162,45,0.888683259,1
2004,Texas,78.3,24.5,8,53853,452.98,424.526,3.26,16.6,8.59,6.6,83.4625,0.51,0.5264,0.5162,59,0.97194214,1
2004,Utah,91,30.8,9.4,66178,452.98,424.526,3.26,10.9,8.59,5.7,89.25,0.51,0.5264,0.5162,75,0.852776005,1
2004,Vermont,90.8,34.2,12.8,61570,452.98,424.526,3.26,9,8.59,4.8,38.50625,0.51,0.5264,0.5162,47,0.875664752,0
2004,Virginia,88.4,33.1,13.2,66529,452.98,424.526,3.26,9.5,8.59,4.3,74.09375,0.51,0.5264,0.5162,61,1.072112317,1
2004,Washington,89.7,29.9,10.7,64944,452.98,424.526,3.26,13.1,8.59,7.7,82.875,0.51,0.5264,0.5162,48,1.050989151,0
2004,West Virginia,80.9,15.3,6.6,43415,452.98,424.526,3.26,17.9,8.59,6.3,47.2375,0.51,0.5264,0.5162,31,0.699042757,1
2004,Wisconsin,88.8,25.6,8.4,59493,452.98,424.526,3.26,10.7,8.59,6,69.13125,0.51,0.5264,0.5162,58,0.945649862,0
2004,Wyoming,91.9,22.5,7.4,59057,452.98,424.526,3.26,10.3,8.59,4.9,64.96875,0.51,0.5264,0.5162,73,1.188002553,1
2008,Alabama,81.9,22,7.7,50761,267.985,850.128,0.09,15.7,-40.54,4.8,58.1,0.49,0.4644,0.2397,40,0.763951158,1
2008,Alaska,91.6,27.3,9.7,73032,267.985,850.128,0.09,8.4,-40.54,7.4,65.9,0.49,0.4644,0.2397,57,1.395157125,1
2008,Arizona,83.8,25.1,9.2,53544,267.985,850.128,0.09,14.7,-40.54,4.7,89.4,0.49,0.4644,0.2397,56,0.86361852,1
2008,Arkansas,82,18.8,6.3,45180,267.985,850.128,0.09,17.3,-40.54,5.7,55.275,0.49,0.4644,0.2397,24,0.722237144,1
2008,California,80.2,29.6,10.8,65071,267.985,850.128,0.09,13.3,-40.54,6.4,95,0.49,0.4644,0.2397,39,1.1250594,0
2008,Colorado,88.9,35.6,12.7,69556,267.985,850.128,0.09,11.4,-40.54,4.6,85.775,0.49,0.4644,0.2397,40,1.067147373,0
2008,Connecticut,88.6,35.6,15.2,73823,267.985,850.128,0.09,9.3,-40.54,5.4,87.925,0.49,0.4644,0.2397,30,1.420983038,0
2008,Delaware,87.2,27.5,10.8,57867,267.985,850.128,0.09,10,-40.54,4.4,82.5,0.49,0.4644,0.2397,48,1.29201876,0
2008,District of Columbia,85.8,48.2,26.7,63446,267.985,850.128,0.09,17.2,-40.54,6.1,100,0.49,0.4644,0.2397,7,3.526518047,0
2008,Florida,85.2,25.8,9,51196,267.985,850.128,0.09,13.2,-40.54,5,90.725,0.49,0.4644,0.2397,64,0.852069172,0
2008,Georgia,83.9,27.5,9.7,52760,267.985,850.128,0.09,14.7,-40.54,5.3,74.225,0.49,0.4644,0.2397,60,0.914010041,1
2008,Hawaii,90.3,29.1,9.9,70215,267.985,850.128,0.09,9.1,-40.54,3.2,91.8,0.49,0.4644,0.2397,14,1.050246896,0
2008,Idaho,87.9,24,7.4,54121,267.985,850.128,0.09,12.6,-40.54,4.1,69.55,0.49,0.4644,0.2397,75,0.75806285,1
2008,Illinois,85.9,29.9,11.2,60780,267.985,850.128,0.09,12.2,-40.54,6,88.325,0.49,0.4644,0.2397,41,1.062085494,0
2008,Indiana,86.2,22.9,8.1,53094,267.985,850.128,0.09,13.1,-40.54,5.3,72,0.49,0.4644,0.2397,55,0.899051672,0
2008,Iowa,90.3,24.3,7.3,57228,267.985,850.128,0.09,11.5,-40.54,4.5,63.275,0.49,0.4644,0.2397,45,0.958926468,0
2008,Kansas,89.5,29.6,10.1,54643,267.985,850.128,0.09,11.3,-40.54,4.6,73.5,0.49,0.4644,0.2397,65,0.951426623,1
2008,Kentucky,81.3,19.7,7.9,46963,267.985,850.128,0.09,17.3,-40.54,5.9,57.75,0.49,0.4644,0.2397,42,0.782525154,1
2008,Louisiana,81.2,20.3,6.5,45154,267.985,850.128,0.09,17.3,-40.54,4.8,73.05,0.49,0.4644,0.2397,45,0.962335489,1
2008,Maine,89.7,25.4,8.9,53902,267.985,850.128,0.09,12.3,-40.54,5.7,39.075,0.49,0.4644,0.2397,41,0.795603397,0
2008,Maryland,88,35.2,15.4,72715,267.985,850.128,0.09,8.1,-40.54,3.6,86.925,0.49,0.4644,0.2397,27,1.092477428,0
2008,Massachusetts,88.7,38.1,16.4,68845,267.985,850.128,0.09,10,-40.54,5.4,91.85,0.49,0.4644,0.2397,12,1.254581517,0
2008,Michigan,88.1,24.7,9.4,56824,267.985,850.128,0.09,14.4,-40.54,7.7,74.625,0.49,0.4644,0.2397,49,0.823598686,0
2008,Minnesota,91.6,31.5,10,62687,267.985,850.128,0.09,9.6,-40.54,5.5,72.7,0.49,0.4644,0.2397,35,1.058531849,0
2008,Mississippi,79.9,19.4,6.8,41597,267.985,850.128,0.09,21.2,-40.54,6.5,49.175,0.49,0.4644,0.2397,41,0.684448668,1
2008,Missouri,86.5,25,9.1,52544,267.985,850.128,0.09,13.4,-40.54,5.8,70.15,0.49,0.4644,0.2397,57,0.890849363,1
2008,Montana,90.9,27.1,8.4,48963,267.985,850.128,0.09,14.8,-40.54,5.2,55.45,0.49,0.4644,0.2397,49,0.77758724,1
2008,Nebraska,90.1,27.1,8.6,57897,267.985,850.128,0.09,10.8,-40.54,3.5,72.275,0.49,0.4644,0.2397,63,0.986963079,1
2008,Nevada,83.5,21.9,7,62481,267.985,850.128,0.09,11.3,-40.54,5.6,93.525,0.49,0.4644,0.2397,41,1.018284746,0
2008,New Hampshire,90.9,33.3,12,75528,267.985,850.128,0.09,7.6,-40.54,4.1,60.05,0.49,0.4644,0.2397,40,0.988450652,0
2008,New Jersey,87.4,34.4,12.8,74535,267.985,850.128,0.09,8.7,-40.54,5.1,94.625,0.49,0.4644,0.2397,41,1.193859631,0
2008,New Mexico,82.4,24.7,10.7,48052,267.985,850.128,0.09,17.1,-40.54,4.1,76.8,0.49,0.4644,0.2397,41,0.851366707,0
2008,New York,84.1,31.9,13.8,57592,267.985,850.128,0.09,13.6,-40.54,5.5,87.8,0.49,0.4644,0.2397,35,1.209313857,0
2008,North Carolina,83.6,26.1,8.6,48997,267.985,850.128,0.09,14.6,-40.54,5.3,64.625,0.49,0.4644,0.2397,42,0.941447491,0
2008,North Dakota,89.6,26.9,6.6,56645,267.985,850.128,0.09,12,-40.54,3.8,58.9,0.49,0.4644,0.2397,62,0.999545464,1
2008,Ohio,87.6,24.1,8.7,53567,267.985,850.128,0.09,13.4,-40.54,6.2,77.775,0.49,0.4644,0.2397,56,0.899733477,0
2008,Oklahoma,85.5,22.2,7.2,52627,267.985,850.128,0.09,15.9,-40.54,3.8,65.975,0.49,0.4644,0.2397,54,0.827420921,1
2008,Oregon,88.6,28.1,10.1,59037,267.985,850.128,0.09,13.6,-40.54,6,80.425,0.49,0.4644,0.2397,44,1.002210698,0
2008,Pennsylvania,87.5,26.3,10,58666,267.985,850.128,0.09,12.1,-40.54,5.4,78.3,0.49,0.4644,0.2397,51,0.968203136,0
2008,Rhode Island,83.7,30,11.3,60765,267.985,850.128,0.09,11.7,-40.54,7.2,90.75,0.49,0.4644,0.2397,16,0.945145761,0
2008,South Carolina,83.2,23.7,8.5,48112,267.985,850.128,0.09,15.7,-40.54,6,64.85,0.49,0.4644,0.2397,58,0.761017334,1
2008,South Dakota,90.3,25.1,7.3,58892,267.985,850.128,0.09,12.5,-40.54,3.1,55.5,0.49,0.4644,0.2397,67,0.940393794,1
2008,Tennessee,83,22.9,8,45313,267.985,850.128,0.09,15.8,15.91,6.6,64.87,0.51,0.5563,0.2397,47,0.846036239,1
2008,Texas,79.6,25.3,8.3,53060,267.985,850.128,0.09,5.8,-40.54,4.6,84.15,0.49,0.4644,0.2397,55,0.997541373,1
2008,Utah,90.4,29.1,9.4,71375,267.985,850.128,0.09,9.6,-40.54,3.3,90,0.49,0.4644,0.2397,73,0.89615917,1
2008,Vermont,90.6,32.1,12.2,57872,267.985,850.128,0.09,10.6,-40.54,5,38.725,0.49,0.4644,0.2397,31,0.862874734,0
2008,Virginia,85.9,33.7,13.8,70745,267.985,850.128,0.09,10.2,-40.54,3.7,74.875,0.49,0.4644,0.2397,51,1.074048057,0
2008,Washington,89.6,30.7,10.9,64634,267.985,850.128,0.09,11.3,-40.54,5.3,83.5,0.49,0.4644,0.2397,35,1.135079854,0
2008,West Virginia,82.2,17.1,6.7,43363,267.985,850.128,0.09,17,-40.54,5.1,48.05,0.49,0.4644,0.2397,29,0.716493461,1
2008,Wisconsin,89.6,25.7,8.6,58436,267.985,850.128,0.09,10.4,-40.54,5.2,69.725,0.49,0.4644,0.2397,51,0.921923101,0
2008,Wyoming,91.7,23.6,7.9,60875,267.985,850.128,0.09,9.4,-40.54,3.7,64.875,0.49,0.4644,0.2397,73,1.429350633,1
2012,Alabama,82.1,21.9,8.2,46490,511.12,779.852,1.74,19,15.91,8.3,58.681,0.51,0.5563,0.396,62,0.756359408,1
2012,Alaska,91,27.9,9.9,68080,511.12,779.852,1.74,10.1,15.91,8.2,66.559,0.51,0.5563,0.396,53,1.52551031,1
2012,Arizona,85.6,25.9,9.7,50320,511.12,779.852,1.74,18.7,15.91,8.8,90.294,0.51,0.5563,0.396,68,0.800236726,1
2012,Arkansas,82.9,19.5,6.9,41735,511.12,779.852,1.74,19.8,15.91,8.5,55.828,0.51,0.5563,0.396,44,0.726353386,1
2012,California,80.7,30.1,11.2,60990,511.12,779.852,1.74,17,15.91,11.4,95.95,0.51,0.5563,0.396,36,1.098739539,0
2012,Colorado,89.7,36.4,13.35,61242,511.12,779.852,1.74,13.7,15.91,8.6,86.633,0.51,0.5563,0.396,48,1.03042133,0
2012,Connecticut,88.6,35.5,15.9,68720,511.12,779.852,1.74,10.7,15.91,8.7,88.804,0.51,0.5563,0.396,35,1.318728326,0
2012,Delaware,87.7,27.8,11.5,52382,511.12,779.852,1.74,12,15.91,7.6,83.325,0.51,0.5563,0.396,35,1.290902673,0
2012,District of Columbia,87.4,50.1,29,69789,511.12,779.852,1.74,18.2,15.91,10.1,100,0.51,0.5563,0.396,0,3.390369001,0
2012,Florida,85.5,25.8,9.4,49279,511.12,779.852,1.74,17.1,15.91,9,91.632,0.51,0.5563,0.396,68,0.782648421,0
2012,Georgia,84.3,27.3,10.2,51472,511.12,779.852,1.74,19.2,15.91,9.8,74.967,0.51,0.5563,0.396,64,0.87586436,1
2012,Hawaii,89.9,29.5,10.2,60181,511.12,779.852,1.74,11.6,15.91,6.8,92.718,0.51,0.5563,0.396,12,1.027555703,0
2012,Idaho,88.3,24.4,7.8,51259,511.12,779.852,1.74,15.9,15.91,8.9,70.246,0.51,0.5563,0.396,81,0.707892934,1
2012,Illinois,86.9,30.8,11.8,55340,511.12,779.852,1.74,14.7,15.91,9.7,89.208,0.51,0.5563,0.396,44,1.082999356,0
2012,Indiana,87,22.7,8.4,49372,511.12,779.852,1.74,15.6,15.91,9.2,72.72,0.51,0.5563,0.396,65,0.894158689,0
2012,Iowa,90.6,24.9,7.9,57163,511.12,779.852,1.74,12.7,15.91,6.1,63.908,0.51,0.5563,0.396,56,0.996636003,0
2012,Kansas,89.2,29.8,10.55,53485,511.12,779.852,1.74,14,15.91,6.4,74.235,0.51,0.5563,0.396,75,0.944784766,1
2012,Kentucky,81.9,20.5,8.55,43947,511.12,779.852,1.74,19.4,15.91,9,58.328,0.51,0.5563,0.396,46,0.790560043,1
2012,Louisiana,81.9,21.4,7.1,41806,511.12,779.852,1.74,19.9,15.91,8,73.78,0.51,0.5563,0.396,57,0.944390224,1
2012,Maine,90.3,26.8,9.6,52581,511.12,779.852,1.74,14.7,15.91,8.7,39.466,0.51,0.5563,0.396,53,0.782959902,0
2012,Maryland,88.1,36.1,16.35,76838,511.12,779.852,1.74,10.3,15.91,7.4,87.794,0.51,0.5563,0.396,29,1.121498432,0
2012,Massachusetts,89.1,39,17.05,68088,511.12,779.852,1.74,11.9,15.91,7.4,92.769,0.51,0.5563,0.396,18,1.296966173,0
2012,Michigan,88.7,25.2,9.95,53498,511.12,779.852,1.74,17.4,15.91,9.7,75.371,0.51,0.5563,0.396,59,0.840251677,0
2012,Minnesota,91.8,31.8,10.6,66098,511.12,779.852,1.74,11.4,15.91,6.6,73.427,0.51,0.5563,0.396,55,1.064663496,0
2012,Mississippi,81,19.5,7.25,39192,511.12,779.852,1.74,24.2,15.91,10,49.667,0.51,0.5563,0.396,55,0.659904064,1
2012,Missouri,86.9,25.6,9.65,53229,511.12,779.852,1.74,16.2,15.91,7.6,70.8515,0.51,0.5563,0.396,67,0.870589945,1
2012,Montana,91.7,28.8,8.7,48227,511.12,779.852,1.74,15.5,15.91,7.4,56.005,0.51,0.5563,0.396,64,0.800278257,1
2012,Nebraska,90.4,28.6,9.15,55830,511.12,779.852,1.74,13,15.91,4.5,72.998,0.51,0.5563,0.396,69,1.051228274,1
2012,Nevada,84.7,21.7,7.45,50629,511.12,779.852,1.74,16.4,15.91,12.3,94.46,0.51,0.5563,0.396,41,0.900076832,0
2012,New Hampshire,91.5,32.8,12.5,72541,511.12,779.852,1.74,10,15.91,6,60.651,0.51,0.5563,0.396,74,1.010112756,0
2012,New Jersey,88,35.4,13.4,71336,511.12,779.852,1.74,10.8,15.91,9.6,95.571,0.51,0.5563,0.396,38,1.145212534,0
2012,New Mexico,83.3,25,11.1,46448,511.12,779.852,1.74,20.8,15.91,7.7,77.568,0.51,0.5563,0.396,43,0.832173931,0
2012,New York,84.9,32.5,14.3,51000,511.12,779.852,1.74,15.9,15.91,9.2,88.678,0.51,0.5563,0.396,39,1.304649376,0
2012,North Carolina,84.7,26.5,9.25,44446,511.12,779.852,1.74,18,15.91,10,65.271,0.51,0.5563,0.396,58,0.885748697,0
2012,North Dakota,90.3,27.6,7.1,59649,511.12,779.852,1.74,11.2,15.91,3.9,59.489,0.51,0.5563,0.396,74,1.413875449,1
2012,Ohio,88.1,24.6,9.2,47465,511.12,779.852,1.74,16.3,15.91,8.6,78.55275,0.51,0.5563,0.396,62,0.932200926,0
2012,Oklahoma,86.2,22.9,7.6,51778,511.12,779.852,1.74,17.2,15.91,5.8,66.635,0.51,0.5563,0.396,67,0.869115601,1
2012,Oregon,88.8,28.8,10.8,55380,511.12,779.852,1.74,17.2,15.91,9.8,81.229,0.51,0.5563,0.396,54,1.02562452,0
2012,Pennsylvania,88.4,27.1,10.6,55518,511.12,779.852,1.74,13.7,15.91,8.3,79.083,0.51,0.5563,0.396,56,0.987104678,0
2012,Rhode Island,83.5,30.2,12.05,59969,511.12,779.852,1.74,13.7,15.91,12.2,91.6575,0.51,0.5563,0.396,16,0.959569741,0
2012,South Carolina,84.1,24.5,8.9,47493,511.12,779.852,1.74,18.3,15.91,10.2,65.499,0.51,0.5563,0.396,60,0.733870465,1
2012,South Dakota,89.6,26.3,7.65,52856,511.12,779.852,1.74,13.4,15.91,5,56.055,0.51,0.5563,0.396,76,0.975019208,1
2012,Tennessee,83.6,23.1,8.65,45989,511.12,779.852,1.74,17.9,7.5,7.8,66.39,0.54,0.5679,0.396,64,0.853105468,1
2012,Texas,80.7,25.9,8.85,55542,511.12,779.852,1.74,17.9,15.91,7.3,84.992,0.51,0.5563,0.396,66,1.043067467,1
2012,Utah,90.6,29.3,9.9,62403,511.12,779.852,1.74,12.8,15.91,6.2,90.9,0.51,0.5563,0.396,77,0.870506884,1
2012,Vermont,91,33.6,13.25,59452,511.12,779.852,1.74,11.8,15.91,5.8,39.112,0.51,0.5563,0.396,31,0.893847208,0
2012,Virginia,86.5,34.2,14.6,69132,511.12,779.852,1.74,11.7,15.91,6.6,75.623,0.51,0.5563,0.396,62,1.070207862,0
2012,Washington,89.8,31.1,11.45,66517,511.12,779.852,1.74,13.5,15.91,9.4,84.335,0.51,0.5563,0.396,44,1.109350666,0
2012,West Virginia,83.2,17.5,7.05,46586,511.12,779.852,1.74,17.8,15.91,8.1,48.531,0.51,0.5563,0.396,31,0.737483647,1
2012,Wisconsin,90.1,26.3,9,56775,511.12,779.852,1.74,13.2,15.91,7.9,70.422,0.51,0.5563,0.396,58,0.942334448,0
2012,Wyoming,92.3,24.1,8.25,61517,511.12,779.852,1.74,12.6,15.91,6.5,65.52375,0.51,0.5563,0.396,84,1.261374255,1
2016,Alabama,84.3,23.5,8.7,48237,398,768,2.1,16.3,7.5,5.9,59.26781,0.54,0.5679,0.354,70,0.733478089,1
2016,Alaska,92.1,28,10.1,77351,398,768,2.1,10.9,7.5,6.9,67.22459,0.54,0.5679,0.354,62,1.249585472,1
2016,Arizona,86,27.5,10.2,58328,398,768,2.1,16.6,7.5,5.4,91.19694,0.54,0.5679,0.354,59,0.76865377,1
2016,Arkansas,84.8,21.1,7.5,46894,398,768,2.1,16.1,7.5,3.9,56.38628,0.54,0.5679,0.354,65,0.720529017,1
2016,California,81.8,31.4,11.6,68070,398,768,2.1,13.9,7.5,5.5,96.9095,0.54,0.5679,0.354,35,1.164113699,0
2016,Colorado,90.7,38.1,14,72084,398,768,2.1,9.2,7.5,3.3,87.49933,0.54,0.5679,0.354,49,1.043485985,0
2016,Connecticut,89.9,37.6,16.6,77556,398,768,2.1,9.5,7.5,5.1,89.69204,0.54,0.5679,0.354,42,1.238551125,0
2016,Delaware,88.4,30,12.2,59294,398,768,2.1,11.3,7.5,4.5,84.15825,0.54,0.5679,0.354,40,1.254994078,0
2016,District of Columbia,89.3,54.6,31.3,72508,398,768,2.1,16.5,7.5,6.1,101,0.54,0.5679,0.354,0,3.141354126,0
2016,Florida,86.9,27.3,9.8,52277,398,768,2.1,14.6,7.5,4.8,92.54832,0.54,0.5679,0.354,67,0.781839716,1
2016,Georgia,85.4,28.8,10.7,54678,398,768,2.1,16.8,7.5,5.4,75.71667,0.54,0.5679,0.354,67,0.89297276,1
2016,Hawaii,91,30.8,10.5,73684,398,768,2.1,10.1,7.5,2.9,93.64518,0.54,0.5679,0.354,11,1.025740229,0
2016,Idaho,89.5,25.9,8.2,57780,398,768,2.1,11.7,7.5,3.8,70.94846,0.54,0.5679,0.354,80,0.715673115,1
2016,Illinois,87.9,32.3,12.4,62706,398,768,2.1,11.5,7.5,5.8,90.10008,0.54,0.5679,0.354,38,1.072009475,0
2016,Indiana,87.8,24.1,8.7,57300,398,768,2.1,12.7,7.5,4.4,73.4472,0.54,0.5679,0.354,73,0.902427951,1
2016,Iowa,91.5,26.7,8.5,60365,398,768,2.1,10.1,7.5,3.6,64.54708,0.54,0.5679,0.354,54,1.03134623,1
2016,Kansas,90.2,31,11,58032,398,768,2.1,12.7,7.5,4,74.97735,0.54,0.5679,0.354,78,0.938570865,1
2016,Kentucky,84.2,22.3,9.2,46345,398,768,2.1,17.4,7.5,5.1,58.91128,0.54,0.5679,0.354,51,0.764626925,1
2016,Louisiana,83.4,22.5,7.7,43103,398,768,2.1,19.4,7.5,6,74.5178,0.54,0.5679,0.354,60,0.877220687,1
2016,Maine,91.6,29,10.3,51950,398,768,2.1,12.5,7.5,3.8,39.86066,0.54,0.5679,0.354,48,0.772305567,0
2016,Maryland,89.4,37.9,17.3,75346,398,768,2.1,8.4,7.5,4.4,88.67194,0.54,0.5679,0.354,34,1.101184366,0
2016,Massachusetts,89.8,40.5,17.7,73820,398,768,2.1,10.6,7.5,3.9,93.69669,0.54,0.5679,0.354,20,1.286379787,0
2016,Michigan,89.6,26.9,10.5,58319,398,768,2.1,11.9,7.5,5,76.12471,0.54,0.5679,0.354,59,0.855309909,1
2016,Minnesota,92.4,33.7,11.2,71728,398,768,2.1,8.3,7.5,3.9,74.16127,0.54,0.5679,0.354,49,1.071752862,0
2016,Mississippi,82.3,20.7,7.7,41983,398,768,2.1,20.1,7.5,5.8,50.16367,0.54,0.5679,0.354,60,0.638255034,1
2016,Missouri,88.4,27.1,10.2,56199,398,768,2.1,11.4,7.5,4.6,71.560015,0.54,0.5679,0.354,72,0.843584682,1
2016,Montana,85.5,24.9,9,58302,398,768,2.1,11.8,7.5,4.1,56.56505,0.54,0.5679,0.354,59,0.790386893,1
2016,Nebraska,90.7,29.3,9.7,60651,398,768,2.1,9.9,7.5,3.1,73.72798,0.54,0.5679,0.354,0,1.078957758,1
2016,Nevada,85.1,23,7.9,56623,398,768,2.1,11.5,7.5,5.7,95.4046,0.54,0.5679,0.354,57,0.871338334,0
2016,New Hampshire,92.3,34.9,13,77900,398,768,2.1,6.8,7.5,2.9,61.25751,0.54,0.5679,0.354,60,1.023035926,0
2016,New Jersey,88.6,36.8,14,69940,398,768,2.1,10.3,7.5,5,96.52671,0.54,0.5679,0.354,38,1.113857086,0
2016,New Mexico,84.2,26.3,11.5,49493,398,768,2.1,18.7,7.5,6.7,78.34368,0.54,0.5679,0.354,48,0.815909988,0
2016,New York,85.6,34.2,14.8,62758,398,768,2.1,13,7.5,4.8,89.56478,0.54,0.5679,0.354,36,1.273628109,0
2016,North Carolina,85.8,28.4,9.9,54920,398,768,2.1,14.4,7.5,5.1,65.92371,0.54,0.5679,0.354,64,0.872364785,1
2016,North Dakota,91.7,27.7,7.6,61478,398,768,2.1,10.9,7.5,3.1,60.08389,0.54,0.5679,0.354,73,1.268397158,1
2016,Ohio,89.1,26.1,9.7,55146,398,768,2.1,13.6,7.5,5,79.3382775,0.54,0.5679,0.354,67,0.936024477,1
2016,Oklahoma,86.9,24.1,8,52039,398,768,2.1,14.4,7.5,4.8,67.30135,0.54,0.5679,0.354,74,0.876786419,1
2016,Oregon,89.8,30.8,11.5,60407,398,768,2.1,11.8,7.5,4.8,82.04129,0.54,0.5679,0.354,41,1.001796289,0
2016,Pennsylvania,89.2,28.6,11.2,62290,398,768,2.1,11.7,7.5,5.4,79.87383,0.54,0.5679,0.354,58,1.006277142,1
2016,Rhode Island,86.2,31.9,12.8,62851,398,768,2.1,11.6,7.5,5.2,92.574075,0.54,0.5679,0.354,14,0.940821161,0
2016,South Carolina,85.6,25.8,9.3,55505,398,768,2.1,14.2,7.5,5,66.15399,0.54,0.5679,0.354,62,0.735669167,1
2016,South Dakota,90.9,27,8,58685,398,768,2.1,14.2,7.5,3,56.61555,0.54,0.5679,0.354,81,0.95353336,1
2016,Tennessee,87,25.4,9.3,52448,398,768,2.1,14.8,7.5,4.7,67.05,0.54,0.5679,0.354,77,0.863008291,1
2016,Texas,81.9,27.6,9.4,59396,398,768,2.1,14.3,7.5,4.6,85.84192,0.54,0.5679,0.354,66,1.04824319,1
2016,Utah,91.2,31.1,10.4,68932,398,768,2.1,8.9,7.5,3.4,91.809,0.54,0.5679,0.354,84,0.887228583,1
2016,Vermont,91.8,36,14.3,62145,398,768,2.1,10.2,7.5,3.2,39.50312,0.54,0.5679,0.354,34,0.875523095,0
2016,Virginia,88.3,36.3,15.4,67880,398,768,2.1,11.1,7.5,4.1,76.37923,0.54,0.5679,0.354,62,1.015455981,0
2016,Washington,90.4,32.9,12,71822,398,768,2.1,11.2,7.5,5.3,85.17835,0.54,0.5679,0.354,50,1.14086064,0
2016,West Virginia,85,19.2,7.4,45308,398,768,2.1,16.3,7.5,6.1,49.01631,0.54,0.5679,0.354,61,0.713679432,1
2016,Wisconsin,91,27.8,9.4,61103,398,768,2.1,11.1,7.5,4,71.12622,0.54,0.5679,0.354,62,0.948736676,1
2016,Wyoming,92.3,25.7,8.6,59073,398,768,2.1,10.3,7.5,5.3,66.1789875,0.54,0.5679,0.354,86,1.171081721,1